Categoria de Mobilidade,R (Pearson),T-Calculado (Corr),Graus de Liberdade,T-Crítico,P-Valor (Global),Significativo?,Rho (Spearman),R (Mediana Estações)
Varejo e Lazer,0.9903163592177832,73.78795095432736,107,1.9823833701230174,1.3670461437314777e-93,Sim,0.9845398925293002,0.5919789119984582
Mercado e Farmácia,0.9682913669920561,40.092625291652624,107,1.9823833701230174,2.797319848003228e-66,Sim,0.9531945077013558,0.5755241355080974
Parques,0.5881700998042588,7.522936340207813,107,1.9823833701230174,1.757479127798707e-11,Sim,0.897803437966036,0.4688456491110658
Estações de Transporte,0.9874684459924854,64.72357977204041,107,1.9823833701230174,1.2414672545214938e-87,Sim,0.9780382996608645,0.5901136679917163
Locais de Trabalho,0.9953034189930434,106.3535528824597,107,1.9823833701230174,2.3935702965081487e-110,Sim,0.9832146742267857,0.559553673777279
Residencial,-0.9904285758721054,-74.22555804543276,107,1.9823833701230174,7.348894026051919e-94,Sim,-0.981464706925007,-0.5196587230118586
