Categoria de Mobilidade,Variação Média (%),T-Calculado,T-Crítico,Graus de Liberdade,P-Valor (T-Test),Significativo?,P-Valor (Wilcoxon)
Varejo e Lazer,-58.324434556915094,-185.23059859553993,1.9604039613028106,5393,0.0,Sim,0.0
Mercado e Farmácia,-27.96440489432703,-79.67483167969726,1.9604039613028106,5393,0.0,Sim,0.0
Parques,-26.03448275862069,-43.37563028357708,1.9604039613028106,5393,0.0,Sim,0.0
Estações de Transporte,-58.877827215424546,-231.92594152992126,1.9604039613028106,5393,0.0,Sim,0.0
Locais de Trabalho,-47.130515387467554,-169.04323712113032,1.9604039613028106,5393,0.0,Sim,0.0
Residencial,20.971449758991472,170.26928156709727,1.9604039613028106,5393,0.0,Sim,0.0
